code,behavior,affect,intensity,priority,sentimentHint,keywords
greeting.hello,nod,smile,0.35,60,0.4,你好|您好|hi|hello|早上好|下午好|晚上好
greeting.welcome,wave,warm,0.6,75,0.6,欢迎|光临|来到
guidance.invite,invite,warm,0.74,82,0.7,请进|这边请|跟我来|请坐|请看
guidance.introduce,explain,neutral,0.5,65,0.3,介绍|这是|我是|我们|职坐标
guidance.recommend,recommend,smile,0.7,78,0.6,推荐|建议|试试|你可以|不妨
guidance.summary,summary,neutral,0.45,60,0.3,总结|归纳|总的来说|综上|要点
emotion.thanks,thanks,smile,0.6,70,0.5,谢谢|感谢|多谢|辛苦了
emotion.celebrate,celebrate,excited,0.95,92,1.6,太好了|成功|真棒|恭喜|厉害|点赞
emotion.sorry,apology,sorry,0.5,60,-0.5,抱歉|对不起|不好意思|遗憾
emotion.sad,sad,sad,0.6,55,-1.2,难过|伤心|可惜|失望|遗憾
emotion.surprise,surprise,surprised,0.8,85,1.2,哇|天哪|没想到|竟然|不可思议
cognition.think,think,curious,0.4,50,0.1,想想|思考|考虑|让我|嗯
cognition.question,question,curious,0.5,55,0.1,什么|为什么|怎么|如何|是不是|对吗
cognition.wait,wait,neutral,0.3,40,0.0,稍等|等一下|马上|请等
interaction.reject,reject,serious,0.5,55,-0.6,不行|不能|不可以|拒绝|抱歉不行
interaction.remind,remind,neutral,0.45,55,0.1,注意|提醒|小心|别忘了|记得
interaction.warn,warn,serious,0.7,75,-0.4,警告|危险|小心|注意安全|别碰
interaction.care,care,warm,0.6,70,0.5,注意身体|别累着|加油|辛苦|保重
